FedEx Ground Standard List Rates,,,,,,,,,,,,,,,,,,
"Effective January 2, 2006",,,,,,,,,,,,,,,,,,

Weight,US Ground,US Ground,US Ground,US Ground,US Ground,US Ground,US Ground,To Hawaii,To Puerto Rico,Intra Oahu,To Alaska,To Canada,To Canada,From Hawaii,From Hawaii,Intra Alaska,Alaska to US,Alaska to US
,Zone 2,Zone 3,Zone 4,Zone 5,Zone 6,Zone 7,Zone 8,Zone 9,Zone 10,Zone 14,Zone 17,Zone 51,Zone 54,Zone 92,Zone 96,Zone 22,Zone 23,Zone 25
1,$3.80 ,$3.88 ,$4.00 ,$4.16 ,$4.38 ,$4.45 ,$4.56 ,$14.04 ,$14.04 ,$3.74 ,$14.04 ,$9.15 ,$14.85 ,$5.96 ,$6.14 ,$3.69 ,$5.96 ,$6.14 
2,$3.84 ,$4.07 ,$4.47 ,$4.54 ,$4.88 ,$5.00 ,$5.30 ,$15.68 ,$15.68 ,$3.83 ,$15.68 ,$9.95 ,$15.75 ,$6.43 ,$6.60 ,$3.77 ,$6.43 ,$6.60 
3,$3.87 ,$4.26 ,$4.70 ,$4.85 ,$5.22 ,$5.39 ,$5.88 ,$17.13 ,$17.13 ,$3.93 ,$17.13 ,$10.60 ,$16.70 ,$7.57 ,$7.77 ,$3.90 ,$7.57 ,$7.77 
4,$3.98 ,$4.41 ,$4.96 ,$5.17 ,$5.52 ,$5.70 ,$6.26 ,$18.66 ,$18.66 ,$4.02 ,$18.66 ,$11.40 ,$17.55 ,$8.50 ,$8.98 ,$4.02 ,$8.50 ,$8.98 
5,$4.25 ,$4.49 ,$5.20 ,$5.41 ,$5.77 ,$6.01 ,$6.64 ,$20.47 ,$20.47 ,$4.09 ,$20.47 ,$12.15 ,$18.40 ,$9.68 ,$10.21 ,$4.19 ,$9.68 ,$10.21 
6,$4.32 ,$4.68 ,$5.29 ,$5.58 ,$5.96 ,$6.25 ,$6.87 ,$22.46 ,$22.46 ,$4.17 ,$22.46 ,$12.90 ,$19.20 ,$10.89 ,$11.46 ,$4.32 ,$10.89 ,$11.46 
7,$4.57 ,$4.82 ,$5.42 ,$5.77 ,$6.18 ,$6.50 ,$7.18 ,$24.09 ,$24.09 ,$4.23 ,$24.09 ,$13.60 ,$19.90 ,$12.07 ,$12.70 ,$4.49 ,$12.07 ,$12.70 
8,$4.74 ,$4.98 ,$5.56 ,$5.91 ,$6.39 ,$6.81 ,$7.68 ,$25.84 ,$25.84 ,$4.32 ,$25.84 ,$14.25 ,$20.70 ,$13.27 ,$14.00 ,$4.65 ,$13.27 ,$14.00 
9,$4.89 ,$5.13 ,$5.68 ,$6.06 ,$6.56 ,$7.18 ,$8.18 ,$27.74 ,$27.74 ,$4.38 ,$27.74 ,$14.90 ,$21.50 ,$14.45 ,$15.28 ,$4.81 ,$14.45 ,$15.28 
10,$5.06 ,$5.16 ,$5.82 ,$6.23 ,$6.83 ,$7.69 ,$8.74 ,$29.49 ,$29.49 ,$4.45 ,$29.49 ,$15.60 ,$22.30 ,$15.64 ,$16.57 ,$4.97 ,$15.64 ,$16.57 
11,$5.23 ,$5.41 ,$5.93 ,$6.40 ,$7.12 ,$8.24 ,$9.36 ,$31.31 ,$31.31 ,$4.51 ,$31.31 ,$16.20 ,$23.15 ,$16.82 ,$17.82 ,$5.13 ,$16.82 ,$17.82 
12,$5.38 ,$5.59 ,$6.06 ,$6.57 ,$7.45 ,$8.79 ,$10.05 ,$32.85 ,$32.85 ,$4.56 ,$32.85 ,$16.85 ,$23.95 ,$17.95 ,$19.06 ,$5.29 ,$17.95 ,$19.06 
13,$5.56 ,$5.77 ,$6.17 ,$6.72 ,$7.81 ,$9.35 ,$10.72 ,$34.31 ,$34.31 ,$4.62 ,$34.31 ,$17.45 ,$24.80 ,$19.01 ,$20.22 ,$5.47 ,$19.01 ,$20.22 
14,$5.67 ,$5.95 ,$6.29 ,$6.87 ,$8.24 ,$9.90 ,$11.40 ,$35.87 ,$35.87 ,$4.67 ,$35.87 ,$18.05 ,$25.70 ,$20.00 ,$21.39 ,$5.58 ,$20.00 ,$21.39 
15,$5.82 ,$6.14 ,$6.40 ,$7.03 ,$8.68 ,$10.46 ,$12.07 ,$37.33 ,$37.33 ,$4.72 ,$37.33 ,$18.80 ,$26.65 ,$21.01 ,$22.56 ,$5.72 ,$21.01 ,$22.56 
16,$5.85 ,$6.25 ,$6.50 ,$7.18 ,$9.01 ,$10.90 ,$12.61 ,$39.17 ,$39.17 ,$4.76 ,$39.17 ,$19.45 ,$27.55 ,$21.93 ,$23.63 ,$5.80 ,$21.93 ,$23.63 
17,$5.94 ,$6.46 ,$6.70 ,$7.47 ,$9.47 ,$11.43 ,$13.27 ,$40.81 ,$40.81 ,$4.82 ,$40.81 ,$20.20 ,$28.55 ,$22.98 ,$24.87 ,$5.88 ,$22.98 ,$24.87 
18,$6.04 ,$6.67 ,$6.92 ,$7.85 ,$9.92 ,$11.95 ,$13.94 ,$42.65 ,$42.65 ,$4.88 ,$42.65 ,$21.00 ,$29.50 ,$24.04 ,$26.09 ,$5.98 ,$24.04 ,$26.09 
19,$6.19 ,$6.89 ,$7.18 ,$8.21 ,$10.37 ,$12.48 ,$14.62 ,$44.39 ,$44.39 ,$4.94 ,$44.39 ,$21.70 ,$30.55 ,$25.10 ,$27.31 ,$6.13 ,$25.10 ,$27.31 
20,$6.32 ,$7.12 ,$7.43 ,$8.59 ,$10.83 ,$13.01 ,$15.30 ,$46.03 ,$46.03 ,$5.00 ,$46.03 ,$22.35 ,$31.55 ,$26.10 ,$28.56 ,$6.27 ,$26.10 ,$28.56 
21,$6.47 ,$7.34 ,$7.67 ,$8.95 ,$11.27 ,$13.53 ,$15.97 ,$47.40 ,$47.40 ,$5.04 ,$47.40 ,$23.05 ,$32.60 ,$27.03 ,$29.78 ,$6.40 ,$27.03 ,$29.78 
22,$6.61 ,$7.56 ,$7.94 ,$9.29 ,$11.73 ,$14.06 ,$16.63 ,$48.87 ,$48.87 ,$5.08 ,$48.87 ,$23.75 ,$33.65 ,$27.89 ,$30.94 ,$6.56 ,$27.89 ,$30.94 
23,$6.78 ,$7.78 ,$8.20 ,$9.63 ,$12.17 ,$14.57 ,$17.31 ,$50.51 ,$50.51 ,$5.12 ,$50.51 ,$24.50 ,$34.65 ,$28.77 ,$32.12 ,$6.71 ,$28.77 ,$32.12 
24,$6.94 ,$7.98 ,$8.47 ,$9.94 ,$12.63 ,$15.11 ,$17.98 ,$52.16 ,$52.16 ,$5.18 ,$52.16 ,$25.15 ,$35.60 ,$29.64 ,$33.29 ,$6.88 ,$29.64 ,$33.29 
25,$7.10 ,$8.20 ,$8.74 ,$10.24 ,$13.08 ,$15.65 ,$18.65 ,$53.81 ,$53.81 ,$5.26 ,$53.81 ,$25.90 ,$36.65 ,$30.59 ,$34.44 ,$7.03 ,$30.59 ,$34.44 
26,$7.28 ,$8.39 ,$8.99 ,$10.56 ,$13.54 ,$16.14 ,$19.29 ,$55.64 ,$55.64 ,$5.30 ,$55.64 ,$26.65 ,$37.70 ,$31.53 ,$35.55 ,$7.21 ,$31.53 ,$35.55 
27,$7.44 ,$8.57 ,$9.24 ,$10.87 ,$13.99 ,$16.63 ,$19.93 ,$57.20 ,$57.20 ,$5.35 ,$57.20 ,$27.30 ,$38.65 ,$32.44 ,$36.65 ,$7.37 ,$32.44 ,$36.65 
28,$7.60 ,$8.77 ,$9.52 ,$11.19 ,$14.44 ,$17.13 ,$20.60 ,$58.74 ,$58.74 ,$5.39 ,$58.74 ,$27.95 ,$39.60 ,$33.39 ,$37.77 ,$7.52 ,$33.39 ,$37.77 
29,$7.76 ,$8.96 ,$9.79 ,$11.52 ,$14.89 ,$17.68 ,$21.25 ,$60.40 ,$60.40 ,$5.43 ,$60.40 ,$28.65 ,$40.55 ,$34.32 ,$38.86 ,$7.69 ,$34.32 ,$38.86 
30,$7.94 ,$9.18 ,$10.08 ,$11.86 ,$15.35 ,$18.24 ,$21.92 ,$61.86 ,$61.86 ,$5.50 ,$61.86 ,$29.25 ,$41.55 ,$35.26 ,$39.97 ,$7.85 ,$35.26 ,$39.97 
31,$8.09 ,$9.37 ,$10.34 ,$12.18 ,$15.79 ,$18.79 ,$22.58 ,$63.42 ,$63.42 ,$5.56 ,$63.42 ,$29.90 ,$42.45 ,$36.19 ,$41.03 ,$8.02 ,$36.19 ,$41.03 
32,$8.17 ,$9.57 ,$10.61 ,$12.52 ,$16.24 ,$19.33 ,$23.26 ,$64.79 ,$64.79 ,$5.60 ,$64.79 ,$30.55 ,$43.45 ,$37.07 ,$42.00 ,$8.17 ,$37.07 ,$42.00 
33,$8.33 ,$9.78 ,$10.89 ,$12.87 ,$16.67 ,$19.89 ,$23.92 ,$66.16 ,$66.16 ,$5.66 ,$66.16 ,$31.15 ,$44.40 ,$37.93 ,$42.91 ,$8.33 ,$37.93 ,$42.91 
34,$8.48 ,$10.00 ,$11.15 ,$13.20 ,$17.12 ,$20.44 ,$24.58 ,$67.62 ,$67.62 ,$5.70 ,$67.62 ,$31.80 ,$45.30 ,$38.76 ,$43.77 ,$8.48 ,$38.76 ,$43.77 
35,$8.63 ,$10.23 ,$11.43 ,$13.53 ,$17.56 ,$21.00 ,$25.25 ,$69.28 ,$69.28 ,$5.76 ,$69.28 ,$32.55 ,$46.20 ,$39.50 ,$44.57 ,$8.62 ,$39.50 ,$44.57 
36,$8.78 ,$10.42 ,$11.67 ,$13.86 ,$18.00 ,$21.55 ,$25.91 ,$70.92 ,$70.92 ,$5.82 ,$70.92 ,$33.15 ,$47.15 ,$40.18 ,$45.31 ,$8.78 ,$40.18 ,$45.31 
37,$8.94 ,$10.64 ,$11.94 ,$14.20 ,$18.40 ,$22.10 ,$26.56 ,$72.57 ,$72.57 ,$5.86 ,$72.57 ,$33.85 ,$48.05 ,$40.86 ,$46.04 ,$8.94 ,$40.86 ,$46.04 
38,$9.08 ,$10.84 ,$12.20 ,$14.54 ,$18.82 ,$22.65 ,$27.20 ,$74.30 ,$74.30 ,$5.91 ,$74.30 ,$34.50 ,$48.90 ,$41.54 ,$46.78 ,$9.08 ,$41.54 ,$46.78 
39,$9.21 ,$11.05 ,$12.47 ,$14.86 ,$19.23 ,$23.19 ,$27.82 ,$75.76 ,$75.76 ,$5.95 ,$75.76 ,$35.10 ,$49.70 ,$42.24 ,$47.51 ,$9.22 ,$42.24 ,$47.51 
40,$9.35 ,$11.29 ,$12.74 ,$15.20 ,$19.64 ,$23.75 ,$28.45 ,$77.51 ,$77.51 ,$6.00 ,$77.51 ,$35.85 ,$50.55 ,$42.91 ,$48.32 ,$9.34 ,$42.91 ,$48.32 
41,$9.48 ,$11.48 ,$12.99 ,$15.54 ,$20.05 ,$24.30 ,$29.07 ,$79.15 ,$79.15 ,$6.11 ,$79.15 ,$36.45 ,$51.45 ,$43.61 ,$49.17 ,$9.49 ,$43.61 ,$49.17 
42,$9.62 ,$11.69 ,$13.25 ,$15.87 ,$20.43 ,$24.85 ,$29.70 ,$80.80 ,$80.80 ,$6.16 ,$80.80 ,$37.05 ,$52.25 ,$44.30 ,$50.04 ,$9.61 ,$44.30 ,$50.04 
43,$9.75 ,$11.90 ,$13.51 ,$16.21 ,$20.82 ,$25.39 ,$30.33 ,$82.45 ,$82.45 ,$6.22 ,$82.45 ,$37.70 ,$53.15 ,$44.96 ,$50.90 ,$9.75 ,$44.96 ,$50.90 
44,$9.89 ,$12.10 ,$13.74 ,$16.54 ,$21.19 ,$25.93 ,$30.96 ,$84.10 ,$84.10 ,$6.30 ,$84.10 ,$38.30 ,$53.95 ,$45.65 ,$51.76 ,$9.89 ,$45.65 ,$51.76 
45,$9.99 ,$12.31 ,$13.99 ,$16.88 ,$21.56 ,$26.48 ,$31.59 ,$85.74 ,$85.74 ,$6.39 ,$85.74 ,$38.90 ,$54.85 ,$46.34 ,$52.62 ,$9.98 ,$46.34 ,$52.62 
46,$10.09 ,$12.51 ,$14.20 ,$17.19 ,$21.89 ,$26.95 ,$32.17 ,$87.38 ,$87.38 ,$6.49 ,$87.38 ,$39.55 ,$55.60 ,$47.04 ,$53.48 ,$10.09 ,$47.04 ,$53.48 
47,$10.18 ,$12.69 ,$14.43 ,$17.50 ,$22.20 ,$27.44 ,$32.75 ,$89.04 ,$89.04 ,$6.58 ,$89.04 ,$40.15 ,$56.50 ,$47.72 ,$54.35 ,$10.19 ,$47.72 ,$54.35 
48,$10.29 ,$12.87 ,$14.65 ,$17.80 ,$22.52 ,$27.92 ,$33.29 ,$90.58 ,$90.58 ,$6.70 ,$90.58 ,$40.75 ,$57.35 ,$48.40 ,$55.20 ,$10.29 ,$48.40 ,$55.20 
49,$10.38 ,$13.03 ,$14.86 ,$18.10 ,$22.82 ,$28.38 ,$33.77 ,$92.14 ,$92.14 ,$6.80 ,$92.14 ,$41.45 ,$58.20 ,$49.09 ,$55.99 ,$10.38 ,$49.09 ,$55.99 
50,$10.47 ,$13.18 ,$15.06 ,$18.38 ,$23.12 ,$28.84 ,$34.23 ,$93.69 ,$93.69 ,$6.93 ,$93.69 ,$42.10 ,$59.05 ,$49.77 ,$56.73 ,$10.47 ,$49.77 ,$56.73 
51,$10.58 ,$13.30 ,$15.27 ,$18.65 ,$23.40 ,$29.27 ,$34.66 ,$95.26 ,$95.26 ,$7.05 ,$95.26 ,$43.40 ,$60.30 ,$50.39 ,$57.48 ,$10.58 ,$50.39 ,$57.48 
52,$10.68 ,$13.42 ,$15.46 ,$18.90 ,$23.68 ,$29.62 ,$35.10 ,$96.81 ,$96.81 ,$7.17 ,$96.81 ,$43.40 ,$60.30 ,$50.96 ,$58.20 ,$10.68 ,$50.96 ,$58.20 
53,$10.77 ,$13.56 ,$15.64 ,$19.16 ,$23.96 ,$29.95 ,$35.46 ,$98.27 ,$98.27 ,$7.34 ,$98.27 ,$44.60 ,$61.50 ,$51.52 ,$58.95 ,$10.77 ,$51.52 ,$58.95 
54,$10.88 ,$13.67 ,$15.84 ,$19.39 ,$24.25 ,$30.21 ,$35.79 ,$99.83 ,$99.83 ,$7.45 ,$99.83 ,$44.60 ,$61.50 ,$52.08 ,$59.67 ,$10.87 ,$52.08 ,$59.67 
55,$10.97 ,$13.80 ,$16.00 ,$19.63 ,$24.52 ,$30.43 ,$36.07 ,$101.38 ,$101.38 ,$7.60 ,$101.38 ,$45.75 ,$62.75 ,$52.64 ,$60.42 ,$10.97 ,$52.64 ,$60.42 
56,$11.06 ,$13.92 ,$16.18 ,$19.86 ,$24.81 ,$30.59 ,$36.32 ,$102.94 ,$102.94 ,$7.72 ,$102.94 ,$45.75 ,$62.75 ,$53.14 ,$61.09 ,$11.07 ,$53.14 ,$61.09 
57,$11.16 ,$14.06 ,$16.34 ,$20.09 ,$25.08 ,$30.77 ,$36.56 ,$104.59 ,$104.59 ,$7.84 ,$104.59 ,$46.70 ,$64.00 ,$53.62 ,$61.70 ,$11.16 ,$53.62 ,$61.70 
58,$11.27 ,$14.18 ,$16.50 ,$20.31 ,$25.35 ,$30.94 ,$36.81 ,$106.14 ,$106.14 ,$7.97 ,$106.14 ,$46.70 ,$64.00 ,$54.12 ,$62.33 ,$11.27 ,$54.12 ,$62.33 
59,$11.36 ,$14.29 ,$16.64 ,$20.50 ,$25.59 ,$31.12 ,$37.06 ,$107.78 ,$107.78 ,$8.10 ,$107.78 ,$47.65 ,$65.20 ,$54.64 ,$62.93 ,$11.37 ,$54.64 ,$62.93 
60,$11.47 ,$14.41 ,$16.80 ,$20.65 ,$25.81 ,$31.29 ,$37.31 ,$109.43 ,$109.43 ,$8.23 ,$109.43 ,$47.65 ,$65.20 ,$55.11 ,$63.55 ,$11.47 ,$55.11 ,$63.55 
61,$11.57 ,$14.52 ,$16.94 ,$20.79 ,$26.04 ,$31.46 ,$37.56 ,$111.26 ,$111.26 ,$8.35 ,$111.26 ,$48.50 ,$66.50 ,$55.61 ,$64.12 ,$11.56 ,$55.61 ,$64.12 
62,$11.66 ,$14.63 ,$17.08 ,$20.93 ,$26.23 ,$31.66 ,$37.81 ,$113.09 ,$113.09 ,$8.50 ,$113.09 ,$48.50 ,$66.50 ,$56.13 ,$64.65 ,$11.67 ,$56.13 ,$64.65 
63,$11.77 ,$14.75 ,$17.20 ,$21.07 ,$26.39 ,$31.84 ,$38.06 ,$114.92 ,$114.92 ,$8.61 ,$114.92 ,$49.40 ,$67.75 ,$56.62 ,$65.22 ,$11.77 ,$56.62 ,$65.22 
64,$11.87 ,$14.85 ,$17.32 ,$21.21 ,$26.58 ,$32.02 ,$38.30 ,$116.85 ,$116.85 ,$8.77 ,$116.85 ,$49.40 ,$67.75 ,$57.10 ,$65.75 ,$11.87 ,$57.10 ,$65.75 
65,$11.96 ,$14.96 ,$17.44 ,$21.35 ,$26.74 ,$32.21 ,$38.55 ,$118.76 ,$118.76 ,$8.87 ,$118.76 ,$50.15 ,$68.95 ,$57.57 ,$66.32 ,$11.96 ,$57.57 ,$66.32 
66,$12.06 ,$15.06 ,$17.56 ,$21.50 ,$26.91 ,$32.39 ,$38.79 ,$120.59 ,$120.59 ,$9.01 ,$120.59 ,$50.15 ,$68.95 ,$57.99 ,$66.87 ,$12.06 ,$57.99 ,$66.87 
67,$12.16 ,$15.17 ,$17.69 ,$21.63 ,$27.10 ,$32.57 ,$39.05 ,$122.42 ,$122.42 ,$9.15 ,$122.42 ,$50.95 ,$70.25 ,$58.44 ,$67.42 ,$12.16 ,$58.44 ,$67.42 
68,$12.24 ,$15.29 ,$17.80 ,$21.77 ,$27.25 ,$32.76 ,$39.29 ,$124.17 ,$124.17 ,$9.27 ,$124.17 ,$50.95 ,$70.25 ,$58.85 ,$67.98 ,$12.24 ,$58.85 ,$67.98 
69,$12.34 ,$15.40 ,$17.92 ,$21.92 ,$27.42 ,$32.94 ,$39.55 ,$125.99 ,$125.99 ,$9.39 ,$125.99 ,$51.70 ,$71.50 ,$59.30 ,$68.52 ,$12.33 ,$59.30 ,$68.52 
70,$12.42 ,$15.50 ,$18.04 ,$22.06 ,$27.58 ,$33.12 ,$39.79 ,$127.82 ,$127.82 ,$9.55 ,$127.82 ,$51.70 ,$71.50 ,$59.74 ,$69.08 ,$12.43 ,$59.74 ,$69.08 
71,$17.91 ,$20.16 ,$22.46 ,$24.65 ,$29.80 ,$34.84 ,$41.24 ,$130.02 ,$130.02 ,$15.02 ,$130.02 ,$52.50 ,$72.70 ,$60.17 ,$69.62 ,$17.91 ,$60.17 ,$69.62 
72,$22.65 ,$24.79 ,$26.83 ,$27.74 ,$31.96 ,$36.69 ,$42.46 ,$132.21 ,$132.21 ,$18.76 ,$132.21 ,$52.50 ,$72.70 ,$60.61 ,$70.18 ,$22.64 ,$60.61 ,$70.18 
73,$26.64 ,$28.66 ,$30.55 ,$30.82 ,$34.08 ,$38.56 ,$43.38 ,$134.41 ,$134.41 ,$22.53 ,$134.41 ,$53.25 ,$74.25 ,$61.04 ,$70.73 ,$26.64 ,$61.04 ,$70.73 
74,$29.40 ,$31.52 ,$33.37 ,$33.91 ,$36.13 ,$40.10 ,$44.21 ,$136.15 ,$136.15 ,$26.29 ,$136.15 ,$53.25 ,$74.25 ,$61.55 ,$71.28 ,$29.39 ,$61.55 ,$71.28 
75,$30.90 ,$33.02 ,$35.23 ,$35.76 ,$38.05 ,$41.33 ,$44.92 ,$137.71 ,$137.71 ,$27.53 ,$137.71 ,$54.00 ,$75.75 ,$62.10 ,$71.84 ,$30.89 ,$62.10 ,$71.84 
76,$32.39 ,$34.25 ,$36.15 ,$36.93 ,$39.64 ,$42.25 ,$45.53 ,$139.25 ,$139.25 ,$28.78 ,$139.25 ,$54.00 ,$75.75 ,$62.68 ,$72.39 ,$32.39 ,$62.68 ,$72.39 
77,$33.68 ,$35.38 ,$36.97 ,$37.91 ,$40.90 ,$42.87 ,$46.04 ,$140.81 ,$140.81 ,$29.41 ,$140.81 ,$54.80 ,$77.40 ,$63.22 ,$72.95 ,$33.67 ,$63.22 ,$72.95 
78,$34.77 ,$36.44 ,$37.73 ,$38.74 ,$41.83 ,$43.43 ,$46.54 ,$142.47 ,$142.47 ,$30.02 ,$142.47 ,$54.80 ,$77.40 ,$63.85 ,$73.49 ,$34.76 ,$63.85 ,$73.49 
79,$35.66 ,$37.49 ,$38.42 ,$39.42 ,$42.46 ,$44.00 ,$47.03 ,$144.01 ,$144.01 ,$30.65 ,$144.01 ,$55.45 ,$79.15 ,$64.48 ,$74.05 ,$35.66 ,$64.48 ,$74.05 
80,$36.38 ,$38.55 ,$39.03 ,$39.95 ,$42.95 ,$44.49 ,$47.53 ,$145.66 ,$145.66 ,$31.28 ,$145.66 ,$55.45 ,$79.15 ,$65.08 ,$74.60 ,$36.39 ,$65.08 ,$74.60 
81,$37.05 ,$39.10 ,$39.59 ,$40.45 ,$43.46 ,$44.98 ,$48.02 ,$147.31 ,$147.31 ,$31.93 ,$147.31 ,$56.10 ,$81.00 ,$65.72 ,$75.16 ,$37.04 ,$65.72 ,$75.16 
82,$37.67 ,$39.66 ,$40.14 ,$40.95 ,$43.95 ,$45.48 ,$48.50 ,$149.06 ,$149.06 ,$32.54 ,$149.06 ,$56.10 ,$81.00 ,$66.27 ,$75.71 ,$37.66 ,$66.27 ,$75.71 
83,$38.23 ,$40.19 ,$40.68 ,$41.44 ,$44.44 ,$45.98 ,$48.99 ,$150.70 ,$150.70 ,$33.16 ,$150.70 ,$56.80 ,$82.95 ,$66.84 ,$76.27 ,$38.24 ,$66.84 ,$76.27 
84,$38.74 ,$40.73 ,$41.21 ,$41.94 ,$44.94 ,$46.47 ,$49.47 ,$152.43 ,$152.43 ,$33.79 ,$152.43 ,$56.80 ,$82.95 ,$67.41 ,$76.81 ,$38.73 ,$67.41 ,$76.81 
85,$39.24 ,$41.24 ,$41.72 ,$42.44 ,$45.44 ,$46.97 ,$49.96 ,$154.17 ,$154.17 ,$34.40 ,$154.17 ,$57.40 ,$84.85 ,$67.97 ,$77.38 ,$39.23 ,$67.97 ,$77.38 
86,$39.74 ,$41.74 ,$42.24 ,$42.92 ,$45.94 ,$47.47 ,$50.45 ,$155.82 ,$155.82 ,$34.79 ,$155.82 ,$57.40 ,$84.85 ,$68.59 ,$77.91 ,$39.73 ,$68.59 ,$77.91 
87,$40.23 ,$42.25 ,$42.75 ,$43.41 ,$46.43 ,$47.96 ,$50.93 ,$157.56 ,$157.56 ,$35.17 ,$157.56 ,$58.10 ,$86.75 ,$69.20 ,$78.48 ,$40.23 ,$69.20 ,$78.48 
88,$40.74 ,$42.75 ,$43.25 ,$43.89 ,$46.93 ,$48.45 ,$51.43 ,$159.30 ,$159.30 ,$35.56 ,$159.30 ,$58.10 ,$86.75 ,$69.82 ,$79.01 ,$40.73 ,$69.82 ,$79.01 
89,$41.24 ,$43.25 ,$43.74 ,$44.38 ,$47.43 ,$48.95 ,$51.93 ,$160.95 ,$160.95 ,$35.96 ,$160.95 ,$58.80 ,$88.70 ,$70.39 ,$79.57 ,$41.24 ,$70.39 ,$79.57 
90,$41.74 ,$43.74 ,$44.25 ,$44.87 ,$47.91 ,$49.45 ,$52.41 ,$162.59 ,$162.59 ,$36.34 ,$162.59 ,$58.80 ,$88.70 ,$70.95 ,$80.12 ,$41.74 ,$70.95 ,$80.12 
91,$42.25 ,$44.25 ,$44.73 ,$45.37 ,$48.40 ,$49.95 ,$52.91 ,$164.33 ,$164.33 ,$36.74 ,$164.33 ,$59.40 ,$90.65 ,$71.51 ,$80.68 ,$42.25 ,$71.51 ,$80.68 
92,$42.75 ,$44.74 ,$45.22 ,$45.86 ,$48.88 ,$50.45 ,$53.41 ,$165.89 ,$165.89 ,$37.12 ,$165.89 ,$59.40 ,$90.65 ,$72.07 ,$81.24 ,$42.74 ,$72.07 ,$81.24 
93,$43.25 ,$45.25 ,$45.70 ,$46.36 ,$49.37 ,$50.94 ,$53.90 ,$167.53 ,$167.53 ,$37.51 ,$167.53 ,$60.15 ,$92.60 ,$72.64 ,$81.79 ,$43.24 ,$72.64 ,$81.79 
94,$43.73 ,$45.75 ,$46.17 ,$46.86 ,$49.86 ,$51.43 ,$54.40 ,$169.09 ,$169.09 ,$37.90 ,$169.09 ,$60.15 ,$92.60 ,$73.20 ,$82.34 ,$43.73 ,$73.20 ,$82.34 
95,$44.23 ,$46.24 ,$46.62 ,$47.34 ,$50.34 ,$51.92 ,$54.90 ,$170.73 ,$170.73 ,$38.29 ,$170.73 ,$60.85 ,$94.55 ,$73.81 ,$82.88 ,$44.22 ,$73.81 ,$82.88 
96,$44.71 ,$46.67 ,$47.07 ,$47.84 ,$50.84 ,$52.39 ,$55.39 ,$172.29 ,$172.29 ,$38.68 ,$172.29 ,$60.85 ,$94.55 ,$74.44 ,$83.44 ,$44.71 ,$74.44 ,$83.44 
97,$45.21 ,$47.11 ,$47.54 ,$48.34 ,$51.32 ,$52.88 ,$55.90 ,$173.94 ,$173.94 ,$39.07 ,$173.94 ,$61.55 ,$96.50 ,$75.06 ,$83.99 ,$45.21 ,$75.06 ,$83.99 
98,$45.70 ,$47.55 ,$47.99 ,$48.82 ,$51.80 ,$53.37 ,$56.39 ,$175.49 ,$175.49 ,$39.45 ,$175.49 ,$61.55 ,$96.50 ,$75.69 ,$84.55 ,$45.70 ,$75.69 ,$84.55 
99,$46.19 ,$47.98 ,$48.46 ,$49.31 ,$52.29 ,$53.85 ,$56.89 ,$177.13 ,$177.13 ,$39.84 ,$177.13 ,$62.25 ,$98.45 ,$76.25 ,$85.11 ,$46.18 ,$76.25 ,$85.11 
100,$46.67 ,$48.43 ,$48.91 ,$49.79 ,$52.78 ,$54.34 ,$57.38 ,$178.78 ,$178.78 ,$40.22 ,$178.78 ,$62.25 ,$98.45 ,$76.80 ,$85.65 ,$46.67 ,$76.80 ,$85.65 
101,$47.11 ,$48.85 ,$49.35 ,$50.22 ,$53.26 ,$54.83 ,$57.87 ,$180.42 ,$180.42 ,$40.59 ,$180.42 ,$65.55 ,$103.35 ,$77.38 ,$86.22 ,$47.11 ,$77.38 ,$86.22 
102,$47.55 ,$49.29 ,$49.81 ,$50.64 ,$53.75 ,$55.30 ,$58.36 ,$182.08 ,$182.08 ,$40.97 ,$182.08 ,$65.55 ,$103.35 ,$77.93 ,$86.75 ,$47.54 ,$77.93 ,$86.75 
103,$47.98 ,$49.73 ,$50.25 ,$51.08 ,$54.23 ,$55.79 ,$58.84 ,$183.72 ,$183.72 ,$41.35 ,$183.72 ,$65.55 ,$103.35 ,$78.55 ,$87.32 ,$47.98 ,$78.55 ,$87.32 
104,$48.43 ,$50.17 ,$50.71 ,$51.51 ,$54.68 ,$56.27 ,$59.33 ,$185.47 ,$185.47 ,$41.73 ,$185.47 ,$65.55 ,$103.35 ,$79.18 ,$87.86 ,$48.42 ,$79.18 ,$87.86 
105,$48.85 ,$50.59 ,$51.14 ,$51.95 ,$55.14 ,$56.76 ,$59.80 ,$187.11 ,$187.11 ,$42.10 ,$187.11 ,$65.55 ,$103.35 ,$79.79 ,$88.43 ,$48.85 ,$79.79 ,$88.43 
106,$49.29 ,$51.04 ,$51.59 ,$52.36 ,$55.59 ,$57.25 ,$60.29 ,$188.84 ,$188.84 ,$42.47 ,$188.84 ,$68.00 ,$108.20 ,$80.37 ,$88.97 ,$49.29 ,$80.37 ,$88.97 
107,$49.73 ,$51.47 ,$52.04 ,$52.79 ,$56.05 ,$57.74 ,$60.78 ,$190.59 ,$190.59 ,$42.86 ,$190.59 ,$68.00 ,$108.20 ,$80.92 ,$89.53 ,$49.73 ,$80.92 ,$89.53 
108,$50.16 ,$51.91 ,$52.49 ,$53.21 ,$56.50 ,$58.23 ,$61.26 ,$192.32 ,$192.32 ,$43.23 ,$192.32 ,$68.00 ,$108.20 ,$81.48 ,$90.07 ,$50.15 ,$81.48 ,$90.07 
109,$50.57 ,$52.34 ,$52.93 ,$53.64 ,$56.95 ,$58.71 ,$61.75 ,$193.97 ,$193.97 ,$43.61 ,$193.97 ,$68.00 ,$108.20 ,$82.02 ,$90.62 ,$50.57 ,$82.02 ,$90.62 
110,$51.01 ,$52.78 ,$53.38 ,$54.05 ,$57.40 ,$59.19 ,$62.24 ,$195.61 ,$195.61 ,$43.98 ,$195.61 ,$68.00 ,$108.20 ,$82.67 ,$91.17 ,$50.99 ,$82.67 ,$91.17 
111,$51.43 ,$53.21 ,$53.82 ,$54.46 ,$57.86 ,$59.67 ,$62.71 ,$197.36 ,$197.36 ,$44.35 ,$197.36 ,$70.40 ,$113.10 ,$83.29 ,$91.72 ,$51.42 ,$83.29 ,$91.72 
112,$51.86 ,$53.66 ,$54.28 ,$54.89 ,$58.31 ,$60.15 ,$63.18 ,$199.09 ,$199.09 ,$44.72 ,$199.09 ,$70.40 ,$113.10 ,$83.91 ,$92.33 ,$51.86 ,$83.91 ,$92.33 
113,$52.28 ,$54.08 ,$54.72 ,$55.30 ,$58.77 ,$60.62 ,$63.65 ,$200.83 ,$200.83 ,$45.08 ,$200.83 ,$70.40 ,$113.10 ,$84.47 ,$92.96 ,$52.27 ,$84.47 ,$92.96 
114,$52.70 ,$54.52 ,$55.16 ,$55.73 ,$59.21 ,$61.10 ,$64.13 ,$202.57 ,$202.57 ,$45.44 ,$202.57 ,$70.40 ,$113.10 ,$85.04 ,$93.57 ,$52.70 ,$85.04 ,$93.57 
115,$53.13 ,$54.96 ,$55.61 ,$56.15 ,$59.67 ,$61.57 ,$64.61 ,$204.30 ,$204.30 ,$45.82 ,$204.30 ,$70.40 ,$113.10 ,$85.59 ,$94.17 ,$53.12 ,$85.59 ,$94.17 
116,$53.54 ,$55.39 ,$56.06 ,$56.68 ,$60.12 ,$62.04 ,$65.08 ,$205.96 ,$205.96 ,$46.18 ,$205.96 ,$72.60 ,$118.05 ,$86.16 ,$94.81 ,$53.54 ,$86.16 ,$94.81 
117,$53.98 ,$55.82 ,$56.51 ,$57.26 ,$60.58 ,$62.52 ,$65.57 ,$207.60 ,$207.60 ,$46.54 ,$207.60 ,$72.60 ,$118.05 ,$86.76 ,$95.42 ,$53.97 ,$86.76 ,$95.42 
118,$54.40 ,$56.26 ,$56.95 ,$57.80 ,$61.04 ,$62.99 ,$66.03 ,$209.25 ,$209.25 ,$46.91 ,$209.25 ,$72.60 ,$118.05 ,$87.40 ,$96.03 ,$54.40 ,$87.40 ,$96.03 
119,$54.83 ,$56.70 ,$57.39 ,$58.40 ,$61.48 ,$63.48 ,$66.51 ,$211.26 ,$211.26 ,$47.27 ,$211.26 ,$72.60 ,$118.05 ,$88.02 ,$96.58 ,$54.83 ,$88.02 ,$96.58 
120,$55.25 ,$57.14 ,$57.85 ,$58.83 ,$61.94 ,$63.96 ,$66.99 ,$213.00 ,$213.00 ,$47.63 ,$213.00 ,$72.60 ,$118.05 ,$88.63 ,$97.15 ,$55.24 ,$88.63 ,$97.15 
121,$55.67 ,$57.57 ,$58.29 ,$59.24 ,$62.39 ,$64.45 ,$67.47 ,$214.83 ,$214.83 ,$47.99 ,$214.83 ,$74.70 ,$122.90 ,$89.26 ,$97.68 ,$55.67 ,$89.26 ,$97.68 
122,$56.10 ,$58.00 ,$58.74 ,$59.66 ,$62.85 ,$64.93 ,$67.96 ,$216.66 ,$216.66 ,$48.36 ,$216.66 ,$74.70 ,$122.90 ,$89.90 ,$98.23 ,$56.10 ,$89.90 ,$98.23 
123,$56.53 ,$58.45 ,$59.18 ,$60.09 ,$63.30 ,$65.41 ,$68.45 ,$218.49 ,$218.49 ,$48.72 ,$218.49 ,$74.70 ,$122.90 ,$90.50 ,$98.79 ,$56.52 ,$90.50 ,$98.79 
124,$56.95 ,$58.88 ,$59.63 ,$60.52 ,$63.75 ,$65.90 ,$68.92 ,$220.32 ,$220.32 ,$49.09 ,$220.32 ,$74.70 ,$122.90 ,$91.13 ,$99.33 ,$56.94 ,$91.13 ,$99.33 
125,$57.37 ,$59.32 ,$60.08 ,$60.94 ,$64.20 ,$66.39 ,$69.41 ,$222.15 ,$222.15 ,$49.46 ,$222.15 ,$74.70 ,$122.90 ,$91.75 ,$99.90 ,$57.37 ,$91.75 ,$99.90 
126,$57.81 ,$59.75 ,$60.53 ,$61.36 ,$64.67 ,$66.87 ,$69.90 ,$223.97 ,$223.97 ,$49.82 ,$223.97 ,$76.65 ,$127.80 ,$92.38 ,$100.44 ,$57.80 ,$92.38 ,$100.44 
127,$58.23 ,$60.19 ,$60.96 ,$61.79 ,$65.13 ,$67.36 ,$70.38 ,$225.80 ,$225.80 ,$50.18 ,$225.80 ,$76.65 ,$127.80 ,$92.99 ,$101.01 ,$58.23 ,$92.99 ,$101.01 
128,$58.64 ,$60.62 ,$61.42 ,$62.22 ,$65.60 ,$67.85 ,$70.87 ,$227.63 ,$227.63 ,$50.55 ,$227.63 ,$76.65 ,$127.80 ,$93.63 ,$101.62 ,$58.64 ,$93.63 ,$101.62 
129,$59.07 ,$61.07 ,$61.86 ,$62.64 ,$66.06 ,$68.33 ,$71.35 ,$229.46 ,$229.46 ,$50.92 ,$229.46 ,$76.65 ,$127.80 ,$94.25 ,$102.22 ,$59.07 ,$94.25 ,$102.22 
130,$59.50 ,$61.49 ,$62.25 ,$63.07 ,$66.52 ,$68.82 ,$71.84 ,$231.29 ,$231.29 ,$51.27 ,$231.29 ,$76.65 ,$127.80 ,$94.87 ,$102.84 ,$59.49 ,$94.87 ,$102.84 
131,$59.93 ,$61.93 ,$62.58 ,$63.50 ,$66.99 ,$69.31 ,$72.32 ,$233.12 ,$233.12 ,$51.64 ,$233.12 ,$78.65 ,$133.20 ,$95.49 ,$103.47 ,$59.93 ,$95.49 ,$103.47 
132,$60.34 ,$62.37 ,$63.01 ,$63.92 ,$67.45 ,$69.79 ,$72.80 ,$234.95 ,$234.95 ,$52.02 ,$234.95 ,$78.65 ,$133.20 ,$96.12 ,$104.08 ,$60.35 ,$96.12 ,$104.08 
133,$60.78 ,$62.81 ,$63.45 ,$64.34 ,$67.92 ,$70.28 ,$73.29 ,$236.78 ,$236.78 ,$52.38 ,$236.78 ,$78.65 ,$133.20 ,$96.73 ,$104.69 ,$60.77 ,$96.73 ,$104.69 
134,$61.20 ,$63.23 ,$63.90 ,$64.76 ,$68.37 ,$70.76 ,$73.78 ,$238.61 ,$238.61 ,$52.74 ,$238.61 ,$78.65 ,$133.20 ,$97.35 ,$105.30 ,$61.20 ,$97.35 ,$105.30 
135,$61.63 ,$63.67 ,$64.35 ,$65.19 ,$68.84 ,$71.25 ,$74.26 ,$240.44 ,$240.44 ,$53.10 ,$240.44 ,$78.65 ,$133.20 ,$97.98 ,$105.86 ,$61.62 ,$97.98 ,$105.86 
136,$62.05 ,$64.11 ,$64.79 ,$65.62 ,$69.31 ,$71.73 ,$74.75 ,$242.27 ,$242.27 ,$53.46 ,$242.27 ,$80.60 ,$138.65 ,$98.63 ,$106.41 ,$62.04 ,$98.63 ,$106.41 
137,$62.47 ,$64.54 ,$65.24 ,$66.04 ,$69.77 ,$72.21 ,$75.25 ,$244.11 ,$244.11 ,$53.83 ,$244.11 ,$80.60 ,$138.65 ,$99.23 ,$106.97 ,$62.46 ,$99.23 ,$106.97 
138,$62.90 ,$64.98 ,$65.68 ,$66.46 ,$70.24 ,$72.70 ,$75.72 ,$245.94 ,$245.94 ,$54.19 ,$245.94 ,$80.60 ,$138.65 ,$99.86 ,$107.52 ,$62.90 ,$99.86 ,$107.52 
139,$63.33 ,$65.41 ,$66.13 ,$66.89 ,$70.70 ,$73.19 ,$76.21 ,$247.77 ,$247.77 ,$54.56 ,$247.77 ,$80.60 ,$138.65 ,$100.47 ,$108.05 ,$63.33 ,$100.47 ,$108.05 
140,$63.75 ,$65.85 ,$66.58 ,$67.31 ,$71.16 ,$73.67 ,$76.70 ,$249.50 ,$249.50 ,$54.92 ,$249.50 ,$80.60 ,$138.65 ,$101.09 ,$108.62 ,$63.74 ,$101.09 ,$108.62 
141,$64.17 ,$66.29 ,$67.02 ,$67.74 ,$71.62 ,$74.16 ,$77.18 ,$251.24 ,$251.24 ,$55.29 ,$251.24 ,$82.55 ,$144.05 ,$101.71 ,$109.16 ,$64.17 ,$101.71 ,$109.16 
142,$64.61 ,$66.72 ,$67.47 ,$68.17 ,$72.09 ,$74.65 ,$77.67 ,$252.99 ,$252.99 ,$55.65 ,$252.99 ,$82.55 ,$144.05 ,$102.35 ,$109.73 ,$64.59 ,$102.35 ,$109.73 
143,$65.02 ,$67.15 ,$67.92 ,$68.60 ,$72.56 ,$75.12 ,$78.15 ,$254.71 ,$254.71 ,$56.02 ,$254.71 ,$82.55 ,$144.05 ,$102.96 ,$110.27 ,$65.01 ,$102.96 ,$110.27 
144,$65.44 ,$67.60 ,$68.36 ,$69.01 ,$73.02 ,$75.61 ,$78.64 ,$256.46 ,$256.46 ,$56.38 ,$256.46 ,$82.55 ,$144.05 ,$103.59 ,$110.89 ,$65.45 ,$103.59 ,$110.89 
145,$65.87 ,$68.03 ,$68.79 ,$69.44 ,$73.48 ,$76.09 ,$79.12 ,$258.29 ,$258.29 ,$56.75 ,$258.29 ,$82.55 ,$144.05 ,$104.20 ,$111.50 ,$65.87 ,$104.20 ,$111.50 
146,$66.30 ,$68.46 ,$69.24 ,$69.86 ,$73.94 ,$76.58 ,$79.60 ,$260.12 ,$260.12 ,$57.12 ,$260.12 ,$84.50 ,$149.45 ,$104.82 ,$112.11 ,$66.30 ,$104.82 ,$112.11 
147,$66.72 ,$68.90 ,$69.69 ,$70.29 ,$74.41 ,$77.08 ,$80.09 ,$261.95 ,$261.95 ,$57.48 ,$261.95 ,$84.50 ,$149.45 ,$105.46 ,$112.73 ,$66.71 ,$105.46 ,$112.73 
148,$67.14 ,$69.34 ,$70.14 ,$70.71 ,$74.87 ,$77.56 ,$80.58 ,$263.78 ,$263.78 ,$57.84 ,$263.78 ,$84.50 ,$149.45 ,$106.09 ,$113.34 ,$67.14 ,$106.09 ,$113.34 
149,$67.58 ,$69.78 ,$70.59 ,$71.14 ,$75.34 ,$78.05 ,$81.06 ,$265.61 ,$265.61 ,$58.19 ,$265.61 ,$84.50 ,$149.45 ,$106.71 ,$113.96 ,$67.57 ,$106.71 ,$113.96 
150,$68.00 ,$70.22 ,$71.02 ,$71.56 ,$75.81 ,$78.53 ,$81.55 ,$267.44 ,$267.44 ,$58.58 ,$267.44 ,$84.50 ,$149.45 ,$107.33 ,$114.58 ,$67.99 ,$107.33 ,$114.58 

See the FedEx Service Guide for additional fee and surcharge information. ,,,,,,,,,,,,,,,,,,
